{"chunk_definitions":[{"chunk_id":"cxf9xm4rcvfzc","chunk_label":"unnamed-chunk-1","document_id":"C20CDFC2","expansion_state":0,"options":{"engine":"r","label":"unnamed-chunk-2"},"row":9,"row_count":1,"visible":true},{"chunk_id":"c0zaa4zie0m9m","chunk_label":"unnamed-chunk-2","document_id":"C20CDFC2","expansion_state":0,"options":{"engine":"r","label":"unnamed-chunk-3"},"row":15,"row_count":1,"visible":true},{"chunk_id":"cyhpls3uq9hki","chunk_label":"unnamed-chunk-11","document_id":"C20CDFC2","expansion_state":0,"options":{"engine":"r","label":"unnamed-chunk-4"},"row":114,"row_count":1,"visible":true},{"chunk_id":"c4ajy8t5ypp1g","chunk_label":"unnamed-chunk-12","document_id":"C20CDFC2","expansion_state":0,"options":{"engine":"r","label":"unnamed-chunk-7"},"row":127,"row_count":1,"visible":true}],"chunk_rendered_width":666,"doc_write_time":1524669350}